t,p_x,p_y,p_z,q_w,q_x,q_y,q_z,v_x,v_y,v_z,w_x,w_y,w_z,a_lin_x,a_lin_y,a_lin_z,a_rot_x,a_rot_y,a_rot_z,u_1,u_2,u_3,u_4,mu_0,nu_0,tau_0,mu_1,nu_1,tau_1
0,0.0,0.0,5.0,1.0,8.1995572464662e-26,7.959283084763606e-30,9.62938041246127e-25,-1.0521052299439276e-29,2.1794732182672182e-29,0.0,3.1026741959070827e-27,-3.4738227930673615e-29,-7.404697696568834e-28,4.444785198898663e-05,1.9525255058158943e-07,-9.76291171647271,-0.02509394268028939,5.712783939612985,0.004918904400595415,7.772625851407394e-07,7.755757443014696e-07,0.01912701019000612,0.018959769127245778,1.0,0,0,1.0,0,0
0.0350091,1.3619266783176981e-08,5.981501961744108e-11,4.994017096870586,0.9999984679294042,-7.687794192323323e-06,0.0017504519491864216,1.507200156988007e-06,1.5560805740892009e-06,6.835621687110182e-09,-0.3417910335085554,-0.0008785170707862698,0.1999995886101135,0.00017220655759619128,0.0020028069336155657,5.229316534257914e-06,-9.635232694782253,-0.003636855664642597,24.866918430144782,0.0006969167989156628,9.088899780470993e-07,9.066763363409966e-07,0.08290248273294995,0.08287878977543123,0.9990184279156751,0.0009815720843248216,0.039186169197538784,0.999799604696114,0.00020039530388615522,0.03939853939650576
0.0700183,9.18907604725898e-07,2.943022221283699e-09,4.976146637117333,0.9999171714938302,-2.419167041417315e-05,0.012870470027593407,4.640625774530289e-06,7.167260642605975e-05,1.8990943764425623e-07,-0.6791121357047841,-0.0010058402190886641,1.0705687381878461,0.00019660500755543344,0.008212103211579716,1.1502431128633115e-05,-9.63543867540185,-0.014869557882674345,24.866918651652313,0.0028638011116569333,1.2198265104074756e-06,1.216488015511571e-06,0.08293963062014618,0.08284226472085585,0.9980299694775,0.0009884584381750637,0.03919715181991782,0.9995984912520867,0.00020111344402721647,0.03940276303907904
0.105027,7.569296297229935e-06,1.5879923797028303e-08,4.946466774206195,0.9992305940706564,-4.63989599273391e-05,0.03922006981363396,8.58840507784138e-06,0.00035917118528024295,5.925995302611028e-07,-1.0164404491030496,-0.001526410485842111,1.9411378955203644,0.0002968641894616503,0.019432693783681496,2.0952942580785395e-05,-9.636402835534614,-0.02795646629988985,24.866918418811395,0.005352805897832399,2.239874448250387e-06,2.233008357876722e-06,0.0829829604797582,0.08280097194534301,0.9970299965562491,0.0009999729212508697,0.03921511893516892,0.9993961792220383,0.00020231203004845752,0.039409712348524424
0.140037,3.065416562917697e-05,4.825005298545483e-08,4.904976872266367,0.9967351559647246,-8.166132662263053e-05,0.08074038749185318,1.4892185771584118e-05,0.0010394928644134299,1.3261437953033234e-06,-1.3538025169075636,-0.0025051420146506827,2.811707044701325,0.00048426126045061446,1.0039825334118717,0.0007803020647586703,-5.224417546786615,0.21284737352679076,24.866917598285827,0.014911834365775192,1.131025336390444,1.1300566090661888,1.213199832941594,1.2136615578974705,0.9960137683817082,0.0010162281745409397,0.03923950853773126,0.9991921792420501,0.00020399997998823245,0.03941929554305766
0.175046,0.0006292088370336509,5.922366985662639e-07,4.854391590458676,0.990539039454387,-5.9995382432353794e-05,0.137231115949904,2.0313845869388012e-05,0.03618804666526257,2.8643839264445914e-05,-1.536704823581456,0.004946459094735085,3.6822761651564004,0.001006311590045126,3.548273178835432,0.0005700317491884977,0.0766978256647493,-0.06981218191971869,24.866914301948135,-0.013255979323389492,2.584525246384292,2.5849759449415215,2.667640301292179,2.667640306031893,0.9949771863350962,0.001036582046611944,0.03926849947727181,0.998986078342284,0.00020610089976604013,0.03943090221832131
0.210055,0.003925317396970694,2.0792679757811246e-06,4.800692493552977,0.978084713832372,4.9963581574141685e-06,0.20820719645794147,2.1111461903182534e-05,0.16040999931475516,4.860015417806863e-05,-1.5340196995259365,0.0025023954277895374,4.552845170209565,0.0005422313028635186,5.153012661397665,-0.0003798522769149055,-0.4631437843422137,-0.024075933282709287,24.866909977917675,-0.004403928722302063,2.6282052208604862,2.6283549530798984,2.7111697841335913,2.7111697854907204,0.9939172226929073,0.0010599636421889796,0.03929982105826553,0.9987776081286532,0.00020847021363077777,0.03944358095225864
0.245064,0.012532762267829728,3.61712997882899e-06,4.746796271058046,0.9562021272052947,4.0404686304668994e-05,0.2927070064342539,2.216084173512445e-05,0.34081248316084606,3.530185689978181e-05,-1.5502339599136747,0.0016595179790981026,5.423414023882191,0.0003880535951050934,6.930632596803809,-0.0007985316613223495,-1.4738334294920734,-0.06006879930126804,24.866895400620713,-0.011633998004029283,2.671611134227513,2.6720066895923673,2.754698562572525,2.7546985631397622,0.9928302810143015,0.0010869416786057318,0.0393335422868457,0.9985664949182576,0.0002111132103957227,0.0394572329916383
0.280073,0.028537586779192457,4.3698328301498375e-06,4.6917662785335414,0.9212125260963944,4.901782774794707e-05,0.3890595247358932,2.68389916946395e-05,0.5834478922399627,7.3459591370108725e-06,-1.6018315842408108,-0.00044343835104641795,6.2939823672163495,-1.9242539195124445e-05,8.814832845887867,-0.000577186948585018,-2.939941256992158,8.426665152173399e-05,0.0008602031385511561,-1.195944339788231e-07,2.7982241935247183,2.7982241972955446,2.7982270625881145,2.7982270628834987,0.9917106430273587,0.001119637986942802,0.03937126508028986,0.9983523122787273,0.00021418263953030154,0.03947246930213827
0.315082,0.054211247430123725,4.232071865398258e-06,4.634084086322324,0.8728498272211296,3.852607025991174e-05,0.48798871578807307,3.4759067195956194e-05,0.8920475104786182,-1.2860853073700996e-05,-1.704756366300075,-0.00044048824899178986,6.2940124821788,-1.9246726092064476e-05,10.258449797370531,-0.00016641800155838397,-4.958297562346512,8.524132102883357e-05,-0.0007600172270882575,-9.748024861615668e-08,2.841755581725394,2.8417555819272633,2.8417530468613403,2.841753049973799,0.9905496457228621,0.0011609973044965885,0.03941459030282739,0.9981344309426459,0.00021788133608140311,0.03948999567239973
0.350091,0.09161876830233212,3.6363966239385876e-06,4.571594152785544,0.8139029891302315,2.7612353515931087e-05,0.5810006086344864,4.2232296381513764e-05,1.2511869004746279,-1.8687002320866263e-05,-1.8783420441688956,-0.0004375040246068739,6.293985874637825,-1.9250138790641374e-05,10.802151900051493,0.00017356813223042084,-7.230401788467343,0.02879130760959091,-63.29575874780493,-0.0055672370170972325,2.885284130340358,2.8852841305393815,2.674203625068468,2.6743929109280047,0.98933476756574,0.0012148781571220235,0.039464658844047464,0.9979119744965806,0.00022245644606528332,0.03951049759868082
0.3851,0.14199259782757553,3.0710764796095694e-06,4.501603879316928,0.757881329285095,2.3196967171749155e-05,0.6523920668400432,4.205639849303345e-05,1.6293608273990572,-1.261053322824001e-05,-2.131472111481972,0.0005704545711203623,4.078056505675278,-0.00021415425644748254,10.090561312259936,0.00016828206634626023,-8.530703959759698,-0.022639192028907743,-231.54272856029053,0.0044539685907826814,2.9288125559955436,2.928812556216887,2.1570791785551577,2.156927743401745,0.9880487540633656,0.0012860135023744234,0.03952153196491255,0.997683797182329,0.00022817731425152696,0.03953444697281177
0.42011,0.2052186591999808,2.7389235678158907e-06,4.421756014805617,0.7575957389805474,2.3873826196545084e-05,0.6527236893255347,3.8226532215810285e-05,1.9826225877998596,-6.719124696869587e-06,-2.430124624957248,-0.00022212381799926003,-4.028052695587191,-5.822469648949641e-05,11.469390927984103,0.00013468034660635145,-7.248667827910859,-0.0005456017592630188,-0.045055167217597815,7.549834395750827e-05,2.939999476406779,2.9399994766839344,2.9398505762369775,2.939848009016128,0.98666910908997,0.0013796449733956605,0.03958359849278899,0.9974485179738227,0.00023527920850632475,0.03956181843979528
0.455119,0.28169397243258915,2.5915529693065864e-06,4.332072184985706,0.801706514842929,2.2785454173337667e-05,0.5977174756657626,3.833774201477064e-05,2.3841559717774072,-2.0040830989612688e-06,-2.683894170397426,-0.00024122486024959067,-4.029630037738326,-5.558156524352994e-05,10.99659726423261,8.706028859427848e-05,-5.661356946651034,-0.0006124445198941676,-0.0409405663534574,9.019508687766733e-05,2.9399994294813716,2.939999429798966,2.9398644945319554,2.9398614275814072,0.9851667047627443,0.0015024043272256482,0.03964827629121247,0.9972045562710186,0.00024396170280420153,0.03959213425603593
0.490128,0.3719597617504802,2.579117830829135e-06,4.234483589141513,0.841845871405237,2.1330422630535658e-05,0.5397175592751047,3.850999302550617e-05,2.7691372614963066,1.0438217556923163e-06,-2.8820933447883834,-0.0002626660093145858,-4.031063331297948,-5.2423913832087105e-05,10.305259106031205,4.835223139712837e-05,-4.155735804869909,-0.00015431940693613045,-0.00468901461976112,1.2436360208800251e-06,2.939999360114364,2.9399993604765884,2.9399837515400438,2.9399837088941942,0.9835036624564795,0.0016630423062648225,0.039712467299775726,0.9969501701640319,0.00025438610698658886,0.039624564096417535
0.525137,0.4753014494687712,2.6489257161828654e-06,4.130888816675944,0.8778036068805185,1.9589961207036083e-05,0.479020188594469,3.864275405009458e-05,3.129915404607123,2.7365912512706515e-06,-3.02758203473919,-0.0002680685973046146,-4.0312274896146025,-5.238037521848192e-05,9.408751096202776,1.5015442957295673e-05,-2.762300841891415,-0.0001482991705858448,-0.001280872969699276,7.104831452283833e-08,2.9399992406739384,2.939999241106387,2.93999497270744,2.939994969859349,0.9816305696365016,0.0018730928199778266,0.03977298820275702,0.9966834877715247,0.00026668239250717766,0.039658093691178425
0.560146,0.5907443473331285,2.757097137576458e-06,4.023067449964725,0.9093931587586144,1.7670964910369404e-05,0.41593700783765153,3.862790831176935e-05,3.4593075833533384,3.2622688273879807e-06,-3.1242877806304095,-0.0002732604220649957,-4.031272331861344,-5.237788787888949e-05,8.32512296304681,-1.343622050274873e-05,-1.5088156810877962,-0.00014791434851548678,-0.0004233805300185414,-1.1687665508496486e-08,2.939999024798692,2.93999902536104,2.9399976138631354,2.939997613698168,0.979481079243763,0.0021494903927386133,0.03982737785195407,0.99640248778552,0.00028099998600472094,0.03969178269686586
0.595155,0.7170729715038472,2.8657085078774177e-06,3.9126442724874333,0.9364564894396308,1.5581572168472604e-05,0.3507830575070871,3.845852494786917e-05,3.7507628852408397,2.7918784535474874e-06,-3.177110103108527,-0.00027843877453995983,-4.031287154044841,-5.237829705387636e-05,7.075941265011664,-3.64536198599173e-05,-0.4202179184163565,-0.0001479084570127058,-1.1403233115074482e-05,-2.899312262048983e-08,2.9399986090821124,2.9399986099113864,2.939998571376367,2.939998571532859,0.9769634538179981,0.002517625425765013,0.03987402194651024,0.996104981788788,0.0002975059967319457,0.03972480323256397
0.630164,0.8528553541763213,2.9431663681887867e-06,3.8010569446349844,0.9588586798640364,1.3329810993254996e-05,0.2838829696656291,3.8129471697637235e-05,3.998485424197482,1.515668981528345e-06,-3.191821566328255,-0.00028361692075854443,-4.031287553262097,-5.2379312077839795e-05,5.686052227270899,-5.3579156716982385e-05,0.48184035220320853,-0.000148003380799033,0.00038939166654936664,-4.870323254863896e-08,2.9399977077483084,2.939997709217083,2.939999006329412,2.939999006516547,0.9739468173012248,0.0030166365167732813,0.039912170567875556,0.9957885991767523,0.00031638261203565337,0.03975646664358473
0.665173,0.9964715329186952,2.964829338936454e-06,3.6895274070740363,0.9764881431529696,1.0924822267413371e-05,0.21556997256790295,3.763632689814709e-05,4.197549158847814,-3.6009061567413954e-07,-3.174952755388606,-0.00028879839017618845,-4.031273920999099,-5.238101713557989e-05,4.183100437478427,-6.447003129410671e-05,1.179417401916935,-0.0001483127235766119,0.0011799929854940012,-1.0728497900084018e-07,2.939995295641634,2.939995299115115,2.9399992305687035,2.939999230742912,0.9702378380218551,0.003708979279369589,0.03994185907236143,0.9954507756252026,0.00033782355154975303,0.03978623796540641
0.700183,1.146145771129201,2.913499507701944e-06,3.5790375768809746,0.989257099590826,8.376842104699096e-06,0.1461844590847346,3.69753626800229e-05,4.3439958607455145,-2.6171302434280282e-06,-3.1336623796845013,-0.0002939906894149686,-4.031232610472715,-5.2384773089225434e-05,2.596987313240438,-6.890125112834641e-05,1.6586299032644394,-0.0001499272262541009,0.00409707361785943,-4.184219681710348e-07,2.9399856906960795,2.9399857047653004,2.93999935453108,2.939999354688206,0.9655391997354998,0.0046986382863553255,0.03996375521708878,0.995088745990934,0.0003620296342685593,0.03981373868003838
0.735192,1.2999818803155405,2.7797699446682504e-06,3.4703098121527196,0.9971020065119998,5.696759847217284e-06,0.07607293971341547,3.614355077993785e-05,4.4349141240238135,-5.029303016992601e-06,-3.0755951918097586,-0.00029923951098589376,-4.031089175494824,-5.239942167779175e-05,0.9593516193996992,-6.667390370175175e-05,1.9097747253987705,-0.00018552012247133854,0.03569303673848268,-7.326482844448009e-06,2.9398803258464117,2.9398805748059593,2.9399994270110295,2.9399994271518985,0.9593712157302766,0.006167984005223195,0.03997896286447937,0.9946995422197512,0.0003892037711828117,0.0398387392721671
0.770201,1.456000972547453,2.562258211739232e-06,3.3637924329480784,0.9999840989109907,2.8853700567880872e-06,0.00559498436464773,3.513711681089609e-05,4.46850018840863,-7.363498297671121e-06,-3.008735642515545,-0.00030573440884399116,-4.0298395933752476,-5.2655915459166565e-05,-0.5745622746274911,-5.165635027396271e-05,1.6390149383571206,0.0010606596579084604,44.90161812898561,0.00022976424624862065,2.790331321748955,2.7903235096417687,2.9399994760340453,2.9399994761568595,0.9509131263214734,0.008458089408803268,0.039988814434717634,0.9942799961209845,0.0004195460987666513,0.03986114377366513
0.80521,1.6122198301224586,2.2702423498555436e-06,3.259469693354493,0.9986899432730039,-1.550349699802356e-07,-0.051164909623782596,3.4077094180246724e-05,4.448385263746491,-9.171942116499032e-06,-2.951355157473175,-0.0002686016382930001,-2.457873062056734,-4.461206937417879e-05,-1.6673734069993866,-1.965862125763157e-05,1.7641206321592737,0.002207920014560754,10.833116786604709,0.00044445409542319083,2.903896686377448,2.9038815748347555,2.939999519824844,2.9399995199282936,0.9386505299005635,0.012262596420909887,0.0399946828764007,0.9938267160081111,0.0004532801128735118,0.0398809843540365
0.840219,1.7670259230762737,1.933868508034481e-06,3.1572398257931704,0.9958719002603053,-2.791210722888547e-06,-0.09076677601714711,3.3211112826857325e-05,4.39001197342354,-9.860173319661724e-06,-2.889594831085902,-0.00019130428217662264,-2.078615081431436,-2.9052118712585903e-05,-2.5274298561751354,3.0617995682976895e-06,1.6503020640255925,0.001309164687534071,4.604815295128537,0.0002634128675094047,2.924654653844674,2.9246456977204667,2.939999560047477,2.93999956013419,0.9194926781746104,0.019157851725953023,0.03999782726599536,0.9933360501367018,0.000490665871409324,0.039898386761069944
0.875228,1.9192493699093809,1.5890358739093843e-06,3.057106981949044,0.992089029980072,-4.526118302999202e-06,-0.12553408183465298,3.259806037222385e-05,4.301528856116956,-9.752982384289565e-06,-2.831819193607496,-0.00014547156704203978,-1.9174045097756038,-1.9830263712751924e-05,-3.217639449595839,1.4902624801588858e-05,1.3556620997721764,0.0007516110784394657,22.08005850989808,0.0001510284111286474,2.866401968647808,2.8663968336089383,2.939999596119992,2.9399995961928833,0.8862185327157032,0.03327414545890724,0.03999928640021818,0.9928040526669618,0.0005319974697400358,0.03991353082919751
0.910237,2.0679314207542014,1.2553977067123835e-06,2.9588157093823093,0.9883691971226329,-5.910910002949293e-06,-0.15207161659185717,3.211528652405947e-05,4.188882102272029,-9.231254473513622e-06,-2.784358644580129,-0.00011915831800765034,-1.1444008980258453,-1.4542890618747802e-05,-3.5982168538107984,2.7705420828298386e-05,1.1363842865923885,0.0038275193739469573,36.861977669988214,0.0007509742560985978,2.8171391355926625,2.8171136024062036,2.939999627867762,2.9399996279295166,0.8188238222720747,0.06739471044362853,0.03999983361245547,0.9922264101847981,0.0005776424821636964,0.03992663369703939
0.945246,2.2123950207293324,9.483936692428384e-07,2.8620404859573823,0.98700278117775,-6.529796068303301e-06,-0.160701448344264,3.2002504974906294e-05,4.062911665073788,-8.261311827948572e-06,-2.744574820752044,1.4839800646648005e-05,0.1461048251526647,1.1748063820302899e-05,-3.7020000360996406,2.953604789886888e-05,1.3610394232832124,8.410205061722852e-07,0.007548416425354213,3.975033967139033e-07,2.939974495686289,2.9399744821142533,2.939999650259524,2.939999650316444,0.6568790363138455,0.16194478595822923,0.03999997945163668,0.9915983533379839,0.0006280568468142694,0.03993792314544229
0.980256,2.3523595237802817,6.774946381846901e-07,2.766787448412763,0.9874109128382691,-6.388120482990385e-06,-0.15817438082271063,3.2230562774426054e-05,3.9333078690820367,-7.227280523529492e-06,-2.69692601631341,1.4869244041851661e-05,0.14636908863535314,1.1761980067907265e-05,-3.6447818302358783,2.7375506209498965e-05,1.3798978590656557,-1.1114348824279958e-06,0.0012785516085482896,1.5205704146305326e-08,2.9399953961784697,2.9399953956069744,2.9399996577037943,2.9399996577582956,0.3805273807118063,0.2763516556020392,0.03999999950945144,0.9909146021497693,0.000683751188214474,0.03994761289263573
1.01526,2.4878217592454415,4.4146903863820984e-07,2.673214138718879,0.9878129953133014,-6.246592154554445e-06,-0.1556436051336332,3.2458503955397405e-05,3.805707232627689,-6.268887901339003e-06,-2.6486169944679587,1.4830333674926846e-05,0.14641384961326329,1.176251240636185e-05,-3.587426644378518,2.525255421538947e-05,1.3984382186021243,-1.1907956143153833e-06,0.00041267862056569256,-2.895784635861808e-10,2.939998273338464,2.939998273294023,2.9399996488841307,2.9399996489384175,0.23113385167127024,0.1493935290405361,0.03999997410299313,0.9901692895056997,0.0007453126440696089,0.039955902026484295
1.05027,2.6188519450858427,2.3769070201181924e-07,2.5813434773290913,0.9882086706585469,-6.105737158974559e-06,-0.1531112953118321,3.268612343147962e-05,3.6801145512609805,-5.3848179788950905e-06,-2.599658890787946,1.4788644957919646e-05,0.14642829713223368,1.1762502268472127e-05,-3.529968819852197,2.31712359676541e-05,1.4166826178103793,-1.1988446894688813e-06,0.00016169029262018785,-1.9780795154894273e-09,2.939999083670235,2.9399990836810663,2.939999622614711,2.9399996226711345,0.1641991190162767,0.06693473265499353,0.039999831179824266,0.9893558357621661,0.0008134537435336073,0.03996297557248662
1.08528,2.745520441893824,6.358315304705954e-08,2.4911980069756807,0.9885978808077001,-5.965571269502216e-06,-0.1505778056925512,3.291341429415702e-05,3.55653341827229,-4.573613195009524e-06,-2.5500620665866145,1.4746674449803871e-05,0.14643395776850981,1.1762433017631641e-05,-3.4724153841883205,2.113157034131661e-05,1.43463207447444,-1.199223148626632e-06,4.740231789239614e-05,-2.3255652318926628e-09,2.9399994181240663,2.939999418141992,2.9399995761098143,2.9399995761709583,0.1283774598005939,0.035821659215682804,0.03999938565837655,0.9884668517622508,0.0008889839999153242,0.039968996610192355
1.12029,2.8678977312279486,-8.337902177789647e-08,2.4027999080947398,0.9889806052963853,-5.826094505767533e-06,-0.14804326340636403,3.314037657307557e-05,3.434967180924245,-3.833815327695937e-06,-2.4998368475454757,1.4704690692162706e-05,0.14643561728236118,1.1762351601618961e-05,-3.4147698260103136,1.9133508077719665e-05,1.4522861137696388,-1.1979292713008432e-06,-2.576470734176108e-05,-2.535223364490913e-09,2.9399995890833504,2.939999589100546,2.9399995031747213,2.9399995032437234,0.10625354161673248,0.022123918183861422,0.03999837326943181,0.9874940275116857,0.0009728242505650553,0.03997410854361454
1.1553,2.9860544095698907,-2.056702165949368e-07,2.3161709992944335,0.9893568327651286,-5.687305876360018e-06,-0.1455077418593535,3.336701084976746e-05,3.315419064345805,-3.1639678794706405e-06,-2.4489935759692387,1.466275223203946e-05,0.14643471528240398,1.1762262845657718e-05,-3.3570347907070994,1.717700939249654e-05,1.469644088722153,-1.1957639359622923e-06,-8.913148071918749e-05,-2.834332630194558e-09,2.9399996886297064,2.939999688644856,2.93999939149137,2.939999391572587,0.0911905189614171,0.01506302265531539,0.03999647934951139,0.9864280042916046,0.0010660232200811132,0.039978437180389244
1.19031,3.1000611846541792,-3.05713859597963e-07,2.2313327366972375,0.9897265547102817,-5.549204108086805e-06,-0.14297129910897693,3.359331773826695e-05,3.1978922010531696,-2.5626157456659624e-06,-2.3975426168126024,1.4620889578419924e-05,0.1464315948669175,1.1762163618141674e-05,-3.2992127240698523,1.526202869518334e-05,1.4867053005832354,-1.1925632392908207e-06,-0.00016036511632205413,-3.332924314525653e-09,2.9399997517910994,2.939999751804213,2.9399992171968,2.939999217297006,0.08021278922900613,0.010977729732410959,0.039993363116643595,0.985258227656309,0.0011697766352955863,0.03998209262887496
1.22532,3.20998887238262,-3.8588246343053954e-07,2.148306213126215,0.9900897631786697,-5.411787329525551e-06,-0.14043399269347448,3.381929783771529e-05,3.0823896379375193,-2.0283054176966535e-06,-2.3454943594928506,1.4579138978402331e-05,0.14642598062390905,1.1762046935365147e-05,-3.241306167752333,1.338849371916083e-05,1.503468960168697,-1.1876226630717736e-06,-0.00025882511021040923,-4.1832298583301974e-09,2.939999794321207,2.9399997943325533,2.9399989315107065,2.9399989316415898,0.07180581057565368,0.008406978653352456,0.03998867790863538,0.983972778390708,0.0012854492656010892,0.0399851710240137
1.26033,3.3159083937941123,-4.4849769490131254e-07,2.0671121572006665,0.9904464491959809,-5.27505241313619e-06,-0.1378958908649058,3.404495174814949e-05,2.968914332908951,-1.5595859169688427e-06,-2.292859221055918,1.4537561343653818e-05,0.14641691938229529,1.1761900484132338e-05,-3.1833180504781633,1.1556272523016832e-05,1.5199340557993815,-1.1792799615260531e-06,-0.00042016146934672815,-5.708931215386674e-09,2.9399998241901533,2.939999824200013,2.939998423564366,2.93999842374861,0.06512141055437017,0.006684400021283499,0.03998208781432943,0.9825581780884213,0.001414600302286789,0.039987756093063334
1.29534,3.4178907717515252,-4.958304955435826e-07,1.987770932242757,0.9907966006221054,-5.13899365651313e-06,-0.13535708930549872,3.427028010680337e-05,2.857469141345499,-1.155010884042549e-06,-2.2396476539657453,1.4496275779618056e-05,0.1464022098953083,1.1761700619424247e-05,-3.1252522150373263,9.765102475462166e-06,1.5360989704497892,-1.1631820664083454e-06,-0.0007348905888336161,-8.754152537815327e-09,2.9399998457980603,2.9399998458066703,2.939997396022191,2.939997396311222,0.0596485043731344,0.005472906181235763,0.039973281082945164,0.9809991655619894,0.0015590125264318144,0.039989920572291796
1.33035,3.516007126882179,-5.301013124260368e-07,1.9103025346894518,0.9911401973675188,-5.003599565787599e-06,-0.1328177494876871,3.449528366455612e-05,2.7480567840924683,-8.131431539704151e-07,-2.185870167296927,1.445555378886549e-05,0.14637648201604772,1.1761394144170728e-05,-3.067114793603068,8.014387927151e-06,1.5519599826576076,-1.1247593373307208e-06,-0.0015168552397013878,-1.6153294221100594e-08,2.9399998617441536,2.939999861751704,2.939994805292604,2.9399948058342655,0.05506089586169783,0.004587608511436575,0.03996198065714478,0.9792784398202325,0.001720725741756894,0.039991727485526006
1.36536,3.6103286717542966,-5.534805891333494e-07,1.8347265908941226,0.9914771960938797,-4.8688426435646166e-06,-0.13027822162409175,3.4719963520017885e-05,2.6406797673131215,-5.325664149697366e-07,-2.131537400409211,1.4416176944383118e-05,0.1463233782356268,1.1760828631413188e-05,-3.0089194570058866,6.3023189505286215e-06,1.5675007922099882,-9.88769088140835e-07,-0.004632487703469288,-4.257015784386012e-08,2.9399998736501356,2.939999873656777,2.9399844313070456,2.9399844327477895,0.051140547153096544,0.003920348708601289,0.039947952142305766,0.9773763648608357,0.0019020749593968852,0.039993231295128495
1.40037,3.700926700301935,-5.680900603329043e-07,1.7610623452535488,0.9918074472920735,-4.734628086724319e-06,-0.12773970755649225,3.494432253213298e-05,2.535340118566855,-3.1192771924464725e-07,-2.0766605633185957,1.4381561000046886e-05,0.14616119887706383,1.1759338287275227e-05,-2.950885389328648,4.780773061732573e-06,1.580832454111577,-8.521290838072493e-05,-0.27629226688553554,1.6474437748558805e-05,2.939999882575454,2.939999882581307,2.939079188423466,2.93907862828673,0.04773609089666832,0.003404456256428228,0.03993100949677055,0.9752706310496266,0.0021057338112090975,0.03999447893559655
1.43537,3.7878726371343463,-5.759589825349487e-07,1.6893275418469358,0.9921204183703928,-4.624207545653623e-06,-0.125285756691052,3.5170503483162745e-05,2.4320321919692836,-1.44557019478676e-07,-2.0213169963596727,1.1398331317187424e-05,0.1364884473259162,1.2336093999923078e-05,-2.8963407233121523,3.947483339943583e-06,1.59609105259402,-1.9158033997694144e-05,-0.09378842693995776,3.5267157871516166e-06,2.939999889232243,2.939999889237414,2.9396873211014904,2.939687201187983,0.0447390756733896,0.002997015223278718,0.039911018543492285,0.972935865333916,0.0023347657157107593,0.03999551074755371
1.47038,3.8712355357588377,-5.785390129193231e-07,1.619539714033626,0.9924133828697334,-4.542272657125563e-06,-0.12294357593666881,3.5399063709538924e-05,2.3306338266083153,-6.35906689034861e-09,-1.9654392391615398,1.0727625237871396e-05,0.13320499620949747,1.2459561247071042e-05,-2.8430960034425197,3.4172896309593908e-06,1.610105454645955,-1.0331099964771294e-06,-0.004234800557321732,-2.5361100163742067e-08,2.9399998940973786,2.9399998941019345,2.939985777668654,2.9399857785263754,0.0420696885619967,0.0026693871113928993,0.039887899347524486,0.9703431911894962,0.002592674144419675,0.039996361280777104
1.50539,3.951081258599329,-5.766179214523972e-07,1.5517167492842543,0.9926971952736474,-4.4655235900905725e-06,-0.12063052617257054,3.5627866812255535e-05,2.2310995125018933,1.1327726586404325e-07,-1.9090708499572553,1.0691456956965183e-05,0.13305673953144645,1.2458673377049514e-05,-2.7899080509323757,2.950123217983779e-06,1.623244908128173,-1.102814085776922e-06,-0.001458151415196753,-1.1477472765141057e-08,2.9399998975037627,2.939999897507741,2.9399950368076233,2.9399950371938792,0.03966782525196302,0.0024018633100336825,0.03986162719602976,0.9674597329185156,0.0028834582709806184,0.039997060036369485
1.5404,4.027474964252243,-5.707984599266556e-07,1.4858752711605012,0.9929754101949785,-4.389336492090591e-06,-0.11831855341683528,3.585639427682732e-05,2.133427262274219,2.1655850950685313e-07,-1.8522424599339684,1.0652848396620476e-05,0.13300569092077724,1.2458271560727459e-05,-2.7366814231481715,2.520701547220618e-06,1.6361171141754625,-1.1286531982515488e-06,-0.0007305277161122999,-6.306809453182142e-09,2.9399998997007546,2.9399998997041723,2.939997464504287,2.939997464715301,0.03748731622823028,0.0021805090237327343,0.03983223135517926,0.9642480494809818,0.0032116834375338268,0.0399976321478862
1.57541,4.100481863280767,-5.616303295984463e-07,1.4220312194949112,0.9932481627858037,-4.313779853455721e-06,-0.11600660516872398,3.6084644014483054e-05,2.0376184299129423,3.048060745788053e-07,-1.7949634251915436,1.0613335231459693e-05,0.1329801157818896,1.2458050764823148e-05,-2.683406013974523,2.1305012483375766e-06,1.648735881271226,-1.1401382701213671e-06,-0.00043522457520413997,-3.983825041029467e-09,2.9399999008861,2.9399999008889597,2.9399984500723693,2.9399984502049596,0.03549207451387632,0.0019952417143539627,0.03979979301431093,0.9606654979678696,0.003582551513112139,0.03999809895651762
1.61042,4.170167221606127,-5.496158926665948e-07,1.360200215490705,0.9935154918551587,-4.238877072453654e-06,-0.11369438310428938,3.631261599327478e-05,1.9436747232120082,3.793930671388136e-07,-1.7372426184068717,1.057341998393882e-05,0.13296487894868989,1.2457911294579267e-05,-2.630078663741016,1.7800689644234773e-06,1.661104046750761,-1.1461334461595316e-06,-0.0002866919721017069,-2.751316716242601e-09,2.9399999012264466,2.939999901228741,2.939998945541782,2.9399989456330315,0.033653456949964876,0.0018386175639114525,0.03976444238971331,0.9566635251882942,0.004001972779575344,0.03999847851977775
1.64543,4.2365963672858244,-5.352090601294197e-07,1.3003975715724017,0.9937774135798964,-4.1646390548376964e-06,-0.11138176488788147,3.654031049952214e-05,1.85159796058267,4.417117307440828e-07,-1.6790888129242065,1.0533294850527993e-05,0.1329548421125196,1.2457814973378045e-05,-2.5766984001024764,1.469672154827131e-06,1.673222485632505,-1.1496208436935875e-06,-0.0002016147922357149,-2.01754123408612e-09,2.9399999008729125,2.939999900874632,2.939999228790747,2.939999228857624,0.03194841509897503,0.001705041850989843,0.03972635500755251,0.9521868870598098,0.004476638128484468,0.039998786062945504
1.68044,4.299834692783715,-5.188148208896968e-07,1.2426382935924618,0.9940339358830776,-4.091071913934282e-06,-0.10906869206705692,3.6767727909612505e-05,1.7613899944771385,4.931636724706025e-07,-1.620510751454169,1.0493047626367804e-05,0.1329477837542951,1.245774434101717e-05,-2.5232651722148853,1.199463190164839e-06,1.685091478031043,-1.1518097121337344e-06,-0.00014844008763906805,-1.5424657755960348e-09,2.9399998999733454,2.9399998999744823,2.9399994051476903,2.939999405198997,0.030358172776975136,0.0015902423219998937,0.03968574738341763,0.9471728008194148,0.005014086240394996,0.03999903437656759
1.71545,4.359947655515414,-5.007889935617622e-07,1.186937081517762,0.9942850629359401,-4.018179527059709e-06,-0.1067551351651888,3.699486863374754e-05,1.6730526791276292,5.351558337568902e-07,-1.5615171669008123,1.0452723771830522e-05,0.13294258699615147,1.24576903406342e-05,-2.46977938704656,9.695376786588083e-07,1.6967110673863064,-1.1532640117406338e-06,-0.00011308843922258053,-1.2145244933198441e-09,2.939999898681668,2.9399998986822258,2.939999521699838,2.939999521740574,0.028867262828045647,0.0014909099489294909,0.03964287225581009,0.9415500420585207,0.005622758760894134,0.039999234165395504
1.75046,4.4170007775976305,-4.814380781936693e-07,1.1333083296193216,0.9945307969559334,-3.945964585550743e-06,-0.10444107981542894,3.722173309725533e-05,1.5865878545187515,5.690985032020263e-07,-1.5021167906473956,1.0412349003531022e-05,0.13293862786841967,1.2457647821189812e-05,-2.4162417058835417,7.799596844053869e-07,1.708081186177607,-1.1542768144011348e-06,-8.852798152901452e-05,-9.76481357906494e-10,2.9399998971638515,2.939999897163853,2.9399996020537054,2.939999602086904,0.027462813959643482,0.0014044488684021616,0.0395980135178944,0.9352380085782962,0.0063120334802245015,0.039999394353730115
1.78547,4.471059645178521,-4.6101916014960434e-07,1.081766126453565,0.9947711390434616,-3.874429092270175e-06,-0.10212652034635386,3.744832173305423e-05,1.5019973374840665,5.964042122332905e-07,-1.4423183564410182,1.0371938777892757e-05,0.13293552858091406,1.2457613635428206e-05,-2.3626529436786234,6.307741399379996e-07,1.7192017090972995,-1.1550148513999515e-06,-7.095135377095618e-05,-7.967702617990034e-10,2.93999989559939,2.9399998955988873,2.939999659080555,2.939999659108148,0.026134014835897872,0.0013287991237456085,0.039551480978542726,0.9281457868922297,0.007092221686066454,0.03999952235174663
1.82047,4.522189907525322,-4.3973984421820724e-07,1.032324254742092,0.9950060896147316,-3.8035746232733962e-06,-0.09981145648899982,3.767463497804915e-05,1.419282916326348,6.184870653268112e-07,-1.3821306024156914,1.0331502714222159e-05,0.13293304463583308,1.2457585741195506e-05,-2.3090140148924236,5.220135583803161e-07,1.7300724786503319,-1.1555810202669094e-06,-5.817287196528568e-05,-6.569945732552285e-10,2.9399998941768355,2.939999894175917,2.9399997002549014,2.9399997002781575,0.02487170590750043,0.001262308928397442,0.039503605069866124,0.9201712757191588,0.007974511173070848,0.039999624286992164
1.85548,4.570457275960276,-4.1775820766262833e-07,0.98499619119722,0.9952356486437535,-3.7334024772350763e-06,-0.09749589155645698,3.790067327107749e-05,1.3384463473339006,6.367623052148504e-07,-1.3215622722191906,1.0291046829472788e-05,0.1329310080542672,1.2457562740387886e-05,-2.255325902532834,4.537019373371022e-07,1.740693318694344,-1.1560437140087645e-06,-4.888381272088902e-05,-5.45862260586156e-10,2.9399998930823177,2.9399998930811133,2.939999730125519,2.9399997301452823,0.0236680646796672,0.0012036412278332309,0.03945473160419691,0.9112004447348073,0.008970830984351539,0.03999970520488971
1.89049,4.615927522695344,-3.951827658967844e-07,0.9397951063168392,0.995459815805994,-3.663913766850793e-06,-0.09517983138268414,3.812643705156723e-05,1.2594893523807784,6.526460147649054e-07,-1.2606221156658821,1.0250574746218625e-05,0.1329292966745726,1.2457543630225711e-05,-2.2015896396711527,4.2585716707988614e-07,1.7510640421280816,-1.1564513366843223e-06,-4.227623274818227e-05,-4.5590990497543726e-10,2.9399998924812794,2.9399998924799564,2.9399997515511584,2.9399997515679823,0.02251636026892385,0.0011517044107433522,0.03940521666910372,0.901106836516015,0.0100936082187923,0.03999976924174501
1.9255,4.658666479595214,-3.720724470104539e-07,0.896733864161384,0.9956785905679739,-3.5951094781278875e-06,-0.09286328367995512,3.835192675867251e-05,1.18241361717411,6.675549031672936e-07,-1.1993188891203839,1.0210088392449722e-05,0.13292781662049616,1.2457527669217138e-05,-2.147806298057605,4.384925894260683e-07,1.7611844555133127,-1.156839801645426e-06,-3.7839257547330476e-05,-3.815304512410194e-10,2.9399998924958224,2.9399998924945754,2.9399997663569604,2.9399997663711797,0.0214107599874976,0.0011056002814262482,0.03935542173473756,0.8897514545485733,0.011355381967441815,0.03999981977343791
1.96051,4.698740036886491,-3.4843657275861856e-07,0.8558250221203524,0.995891972245733,-3.526990510789765e-06,-0.09054625763873386,3.857714283092343e-05,1.107220789899982,6.829061466977357e-07,-1.137661355719418,1.016958843886097e-05,0.1329264919010559,1.2457514312168438e-05,-2.093976980940843,4.916180477543143e-07,1.7710543620007249,-1.1572368237416982e-06,-3.52428677318986e-05,-3.1768276014894335e-10,2.9399998931823736,2.939999893181406,2.93999977569951,2.9399997757112795,0.02034617544558145,0.0010645845419161512,0.039305709033880774,0.8769832185136174,0.012768236034955895,0.03999985954268464
1.99552,4.7362141418242185,-3.2423484444169743e-07,0.8170808306729397,0.996099960044769,-3.459557706997485e-06,-0.08822876367276178,3.880208570653819e-05,1.033912480120707,7.001172662400636e-07,-1.0756582854912293,1.0129074585874524e-05,0.13292525807896105,1.2457503190371779e-05,-2.0401028184489585,5.852406211421695e-07,1.7806735632852815,-1.1576651383889337e-06,-3.427017810342209e-05,-2.590253438018541e-10,2.939999894515562,2.9399998945150627,2.939999780276464,2.93999978028577,0.01931813898884969,0.0010280364567317585,0.03925643726174285,0.8626402058200691,0.014343012693548193,0.039999890767483184
2.03053,4.77115479732284,-2.9937733259849154e-07,0.7805132331457434,0.9963025530886672,-3.3928118727631502e-06,-0.08591081325345981,3.9026755824549726e-05,0.9624902578337975,7.206060305104467e-07,-1.0133184554065495,1.0088545737965436e-05,0.13292405830988266,1.2457494122120161e-05,-1.9861849645771685,7.193651648614251e-07,1.7900418609932176,-1.158145850861559e-06,-3.47790867167382e-05,-1.993508742582884e-10,2.939999896383058,2.9399998963831844,2.939999780449239,2.9399997804558904,0.01832270365075203,0.0009954353380976625,0.03920795763003482,0.8465519285900355,0.016088277230033584,0.039999915233098426
2.06554,4.803628060556191,-2.737244697411244e-07,0.7461338654695683,0.9964997504405936,-3.3267537952615653e-06,-0.08359241880141097,3.925115362683414e-05,0.8929556526363992,7.457903782038899e-07,-0.9506506493810027,1.004800006073149e-05,0.1329228407243571,1.2457487143019733e-05,-1.9322245952405488,8.939947478037249e-07,1.7991590577244665,-1.1587023809033246e-06,-3.6682507085920805e-05,-1.3122156536483132e-10,2.939999898592608,2.9399998985934697,2.939999776315949,2.939999776319549,0.017356361497746206,0.0009663421530058258,0.039160610298342086,0.828542907612332,0.018009020977703516,0.03999993436970698
2.10055,4.833700041529525,-2.470870455410814e-07,0.7139540559368085,0.9966915511200315,-3.2613842589188403e-06,-0.08127359361727048,3.9475279561043264e-05,0.8253101529578952,7.770883554546206e-07,-0.8876636582410176,1.0007434899865643e-05,0.1329215565017427,1.2457482549067053e-05,-1.8782229071077057,1.1091310643931577e-06,1.8080249578733618,-1.1593647930801085e-06,-3.9939310609768935e-05,-4.570983563725218e-11,2.939999900887927,2.939999900889583,2.939999767757506,2.939999767757404,0.016415976481701133,0.0009403850160450716,0.039114721195447656,0.8084377853328563,0.020105122279475644,0.039999949317602326
2.13556,4.861436901625457,-2.1922620395339284e-07,0.6839848249605419,0.9968779541161065,-3.1967040631170056e-06,-0.0789543518433629,3.969913408439221e-05,0.7595552053333434,8.159180677171776e-07,-0.8243662796610065,9.966846548526597e-06,0.13292015826127435,1.245748094880553e-05,-1.8241811170786446,1.3647748910812856e-06,1.8166393682978805,-1.160173643717996e-06,-4.4548584053209267e-05,6.777924645748118e-11,2.939999902966603,2.9399999029690687,2.9399997544746768,2.939999754469907,0.015498728823154144,0.0009172476585469891,0.03907059923413826,0.7860681529003558,0.02236963243250043,0.03999996098165829
2.17057,4.8869048521248635,-1.8985344175348788e-07,0.6562368848362464,0.9970589583983442,-3.1327140441607446e-06,-0.07663470845149195,3.992271766824985e-05,0.6956922136951926,8.636976476289922e-07,-0.7607673180771161,9.926229880031409e-06,0.13291859865415845,1.2457483321697898e-05,-1.7701004623135614,1.6609266451961485e-06,1.825002098894776,-1.16118159618929e-06,-5.053923376873999e-05,2.2141389605073702e-10,2.9399999044919234,2.939999904495184,2.9399997360345727,2.939999736023784,0.014602068625159587,0.0008966601979945575,0.039028533915214436,0.7612811370629813,0.024787015837374474,0.03999997007656197
2.20558,4.910170152703001,-1.586306078693169e-07,0.6307206395068967,0.99723456292566,-3.0694151033377803e-06,-0.07431467925206858,4.0146030803470605e-05,0.6337225386639911,9.218452424377869e-07,-0.6968755845808418,9.885577923998353e-06,0.1329168293196152,1.2457491073205498e-05,-1.7159822006501178,1.997587073974782e-06,1.8331129631522542,-1.1624495268038529e-06,-5.7946062750448294e-05,4.2797920179214026e-10,2.9399999050910823,2.9399999050951093,2.939999711948581,2.9399997119300028,0.013723676924868748,0.0008783917002908382,0.038988793309941636,0.733949593528014,0.027331543534967202,0.03999997716415536
2.24058,4.9312991099005785,-1.2516990274425235e-07,0.6074461843321266,0.9974047666546836,-3.006808240744658e-06,-0.07199428091409596,4.036907400624212e-05,0.5736474968244863,9.917790255514017e-07,-0.6326998967932945,9.844881578819134e-06,0.13291480067844233,1.2457506056384487e-05,-1.6618276110523076,2.3747580330141406e-06,1.8409717787729365,-1.1640315891812739e-06,-6.676371783252661e-05,6.97927684746509e-10,2.9399999043325757,2.9399999043373444,2.939999681803222,2.939999681774724,0.012861432774239973,0.0008622441506287739,0.038951622405004244,0.7039834902923485,0.0299661032356655,0.039999982684067154
2.27559,4.950358075569176,-8.903387682171948e-08,0.586423305862171,0.9975695685490903,-2.9448945898870787e-06,-0.06967353097463404,4.059184782367298e-05,0.5154683599860108,1.0749172353405096e-06,-0.5682490787176577,9.804129847014412e-06,0.13291246333884718,1.2457530490224678e-05,-1.607637993421972,2.7924431773074725e-06,1.8485783684367305,-1.1659425949301754e-06,-7.6876036305188e-05,1.0330318133269273e-09,2.939999901672858,2.939999901678364,2.9399996454422115,2.9399996454015827,0.01201338523473683,0.000848047539503143,0.03891724179010383,0.6713417637681242,0.03264172652422434,0.0399999869786711
2.3106,4.9674134452907825,-4.973542722307718e-08,0.5676614816174242,0.9977289675921773,-2.8836754397890433e-06,-0.06735244780205073,4.081435283718744e-05,0.4591863544494659,1.1726782381339126e-06,-0.5035319605649367,9.763311212563335e-06,0.1329097719757924,1.245756665576846e-05,-1.5534146667776045,3.2506481747929053e-06,1.8559325606051096,-1.168107400460652e-06,-8.797995783619215e-05,1.4164548389513425e-09,2.9399998963521927,2.939999896358467,2.9399996031157616,2.9399996030613282,0.011177729396760944,0.0008356558379758855,0.038885846665595886,0.6360436413205302,0.035298122447594,0.039999990313275426
2.34561,4.982531656772561,-6.737792012222623e-09,0.5511698798745667,0.9978829628048562,-2.8231522207424737e-06,-0.06503105046814131,4.10365896601691e-05,0.40480266033806483,1.2864805986899886e-06,-0.43855737855155097,9.722416790156668e-06,0.13290669187411883,1.2457616244618322e-05,-1.4991589647873096,3.7493798484582904e-06,1.863034189813599,-1.1703152902774438e-06,-9.956942535117415e-05,1.8036024065664877e-09,2.939999887192374,2.939999887199504,2.9399995553318234,2.9399995552633706,0.010352785709734653,0.000824943687026291,0.038857606145879194,0.5981782124250488,0.03786542889548135,0.03999999289232668
2.38062,4.995779188220641,4.05454576230043e-08,0.5369573594599283,0.9980315532693491,-2.7633264252179487e-06,-0.06270935850083367,4.12585589253989e-05,0.35231841108446227,1.417743120633976e-06,-0.37333417468668745,9.681445071451081e-06,0.13290320603528458,1.2457679387167234e-05,-1.4448722285773221,4.288643729612279e-06,1.8698830950590908,-1.1722381735006463e-06,-0.00011110355073049034,2.1250417319453315e-09,2.9399998721759832,2.9399998721841447,2.9399995018748446,2.939999501794432,0.009536982045533706,0.0008158036642009469,0.0388326628335162,0.5579109656413382,0.04026724678371054,0.039999994872301436
2.41563,5.007222556700184,9.275042527637307e-08,0.5250324695493045,0.9981747381538333,-2.7041994537502924e-06,-0.060387391563883924,4.14802612602536e-05,0.3017346931696519,1.5678848012374097e-06,-0.3078711966161114,9.640406034279113e-06,0.1328993163967696,1.2457753783026882e-05,-1.3905557993699718,4.8684401999837674e-06,1.87647911349318,-1.1735729381167313e-06,-0.0001225137896199454,2.3126999189763873e-09,2.939999847468093,2.939999847477608,2.93999943913737,2.939999439049223,0.008728838025485052,0.0008081440200486527,0.03881113263913768,0.5154861392113613,0.042424826429976956,0.039999996371859387
2.45064,5.016928316491147,1.5056289337512657e-07,0.515403449469434,0.9983125167248312,-2.6457724270666884e-06,-0.058065169270102086,4.170169725529738e-05,0.25305254611960215,1.738324651135821e-06,-0.2421772976867689,9.599320268160815e-06,0.132895027295732,1.2457834748636165e-05,-1.3362110182265408,5.48876056082118e-06,1.8828220625704561,-1.1742869236846328e-06,-0.00013527793888645648,2.343151094248107e-09,2.9399998047616642,2.9399998047731475,2.939999353886264,2.9399993537951135,0.007926951226178126,0.0008018867993069261,0.03879310482293081,0.47122406880596734,0.044262070405394,0.039999997479740826
2.48565,5.024963057445557,2.147183184179405e-07,0.5080782284864542,0.9984448883225169,-2.5880460640426924e-06,-0.055742711612001526,4.192286744161746e-05,0.2062729625108943,1.930481376429027e-06,-0.17626133763636184,9.558209506029826e-06,0.132890291332949,1.2457916780314564e-05,-1.2818392486473638,6.149584851871349e-06,1.888911682056179,-1.1749133000245937e-06,-0.00015528914520470205,2.2783750216363997e-09,2.9399997222477214,2.9399997222625167,2.939999204670512,2.939999204578252,0.007129984946988911,0.0007969662791892152,0.038778642234786866,0.4255132174573267,0.04571085134864072,0.039999998260809286
2.52066,5.03139340333554,2.860018135036167e-07,0.5030644255351185,0.9985718522444537,-2.531020740960757e-06,-0.05342004121689339,4.214377229760844e-05,0.16139688718515086,2.1457729844257714e-06,-0.11013218531318361,9.51707681500889e-06,0.13288485479526704,1.2457996544239096e-05,-1.227441971055329,6.850881449028289e-06,1.894747337216525,-1.1776187748644044e-06,-0.00020872688395404606,2.380133646023728e-09,2.9399995195410655,2.939999519563309,2.9399988238472394,2.9399988237440717,0.006336657276348078,0.000793327670640833,0.038767781731846425,0.37879716017750586,0.0467160572798208,0.03999999876056658
2.55567,5.0362860101341695,3.652481167439873e-07,0.5003693486726216,0.9986934072740629,-2.4746969073058154e-06,-0.05109719316254403,4.236441232827542e-05,0.11842521315567875,2.3856163753023987e-06,-0.04379873178700579,9.475849407670887e-06,0.13287754744890773,1.2458079870644414e-05,-1.1730216205116797,7.592598507454651e-06,1.9003229557171952,-1.2181822383185142e-06,-0.0007386426327458657,7.651773730502846e-09,2.939998478869459,2.9399984789377234,2.9399960169254435,2.9399960165970187,0.005545731237378335,0.0007909260389697429,0.038760534753994935,0.33155737155957077,0.047239788617935104,0.03999999900840053
2.59068,5.039707563962315,4.5334154164785335e-07,0.4999999910015831,0.9988095448127727,-2.4190806770059597e-06,-0.048774358589592434,4.258478945811777e-05,0.07735874818641231,2.6514266341926665e-06,0.022729919285266614,9.433201908817227e-06,0.13285168821385865,1.2458347752576308e-05,-1.1676341772549297,-2.2846421399847737e-05,-1.1326863996786485,0.00013670265089598164,-189.11406840313182,-0.002497004113016419,2.503153028347349,2.5031946775048017,1.8727720004253905,1.8728152494077706,0.004756005829693797,0.0007897254076845384,0.038756888037228994,0.28429313923822946,0.04726423232134126,0.03999999901976671
2.62568,5.041798553761736,5.409716423388461e-07,0.5001167897278243,0.9945530363335631,2.064412070654426e-07,-0.10422493988646588,4.21149892038065e-05,0.036480892911893624,1.8515933253396823e-06,-0.016924444743656755,1.4219042618025019e-05,-6.4878670858228755,-7.49595907936655e-05,-3.235030641222244,-0.00018888620270275747,0.6950547842240591,0.001653861464415027,114.75707577229613,0.00036700126429614366,2.557473498001251,2.5574610197940713,2.9399908447292935,2.939990844893489,0.003966906418915776,0.0007890994107780207,0.03875498024124903,0.2370929868181162,0.04720015242011327,0.039999998989932554
2.66069,5.0412617305794,5.060634255671342e-07,0.5000000026487219,0.9833340467855124,4.377016875157815e-06,-0.18180235978610843,4.0877852912790764e-05,-0.07677471140024707,-4.761148069049064e-06,0.0074088177034646666,7.211929160302926e-05,-2.470321842178723,-6.211119627104808e-05,-3.507064963140368,-0.00024309042920554733,-0.38490081391332864,0.0008403943484421649,256.21746348688475,0.0001488555767396968,2.085931279890335,2.0859262186694516,2.9399869608480436,2.9399869609793186,0.0031776733823090557,0.0007892330366067198,0.03875538751212206,0.18985685180694373,0.047236135011172464,0.039999999006700294
2.6957,5.0363561951471265,1.8783986279799466e-07,0.5000000053617674,0.9891323726678155,4.619030822844236e-06,-0.1470185586069436,4.029600890336322e-05,-0.1995540003198511,-1.3271532209265477e-05,-0.006066224456729232,0.00010154076557007796,6.499628331637098,-5.689989221597517e-05,-1.6594802780735116,-0.00012612242013150334,0.4212672943214008,2.490025808500662e-05,99.98108724830037,0.0004729913097045885,2.4314858272993343,2.4314786280893412,2.764756959779828,2.764748077285293,0.0023868851603180505,0.0007907882219910052,0.03876011593654422,0.1425356077895889,0.047321244017354824,0.039999999046208545
2.73071,5.028051171061452,-3.7468066033858435e-07,0.499999995829253,0.9999928362715205,6.679396843036787e-07,-0.003145643239487069,3.9983490198263606e-05,-0.25765095907579233,-1.768696825716219e-05,0.008681976499192714,0.00010241250191192609,9.999879090255249,-4.034087854470283e-05,1.5699127367393686,0.00010008008821830818,-0.5862620037081949,-0.0010114408412848315,-0.000989889277216685,0.0007477333197794931,2.348844223575606,2.34883551945312,2.3488449312937445,2.3488282124833613,0.00159345692264099,0.0007934282376770609,0.038768082108512444,0.09509427653543565,0.04744133125415326,0.0399999991015927
2.76572,5.019664485344464,-9.559630966978537e-07,0.5000007360000948,0.9852598096750546,-4.806117094884322e-06,0.1710505105623214,3.903689059778815e-05,-0.20268968190854803,-1.4183251560836108e-05,-0.01184254548497375,6.70028392503031e-05,9.999844435094069,-1.416338646260176e-05,5.789623706625287,0.00040513009197328936,0.3382702140581964,-0.0015050209559623214,-0.011782470536793984,0.00024983851318395584,2.933910776581321,2.9339117744905696,2.933876746844437,2.9338672544257416,0.0007973534033779747,0.0007961035192630153,0.03877607727160751,0.04756287440288672,0.04753140213254893,0.039999999142858254
2.80073,5.015754936907656,-1.2317142197661409e-06,0.4999999969768971,0.9404171043609311,-1.0850293846860547e-05,0.3400153550158736,3.7339350096816855e-05,-1.728266307341754e-28,4.074648789680062e-33,0.0,1.4313366792772069e-05,9.99943194106575,-5.416757781395473e-06,0.0,0.0,0.0,0.0,0.0,0.0,0,0,0,0,2.1107318273910964e-28,0.0007973534033779747,0.03877978477145043,1.9001938734316852e-28,0.04756287440288672,0.03999999915722234
